name,linkedin,title,image
Emma Linscomb,,President,emma-linscomb.jpg
Zoey Monroe,,Vice President,zoey-monroe.jpg
Bobby King,,Secretary,bobby-king.jpg
Nane Arsenyan,,Treasurer,nane-arsenyan.png
Madeline Jennings, madeline-jennings-84a1aa433,Website Manager,maddiejennings.jpeg
Marquice Sanchez-Fleming,,Outreach Chair,marquice-sanchez-fleming.jpg
Peggy Chen,,Outreach Committee,
Rohan Joshi,,Outreach Committee,
Faiz Shaikh,,Outreach Member,
Rushil Chari,, Outreach Member,
Stacy Chen,,Social Media Chair,
Neha Nair,,WiP+ Chair,
Hunter Whetstone,,Diversity Chair,hunter-whetstone.png
Leah Tang,,Social Chair,leah-tang.jpg
Sophia Yang,,Wiki Advisor,sophia-yang.jpg
Sudiksha Keshan,, Wiki Chair,
Aditri Maiti,,Wiki Editor,
Luisa Frackiewicz,,Wiki Editor,
Abigail Flint,,Unicorn Co-Chair,
Sofi Padavan,,Unicorn Co-Chair,
Rachel Jacob,,Unicorn Committee Member,
Maya Pousson,,Unicorn Committee Member,
Alexandra Lin,,Unicorn Committee Member,
Lucy Steinheimer,,Unicorn Committee Member,
